City_ID,City,Country,Date,Lat,Lng,Max Temp,Humidity,Cloudiness,Wind Speed
0,Barrow,US,2020-11-02 21:48:28,71.29,-156.79,28.4,79,90,10.29
1,Gravelbourg,CA,2020-11-02 21:48:29,49.88,-106.55,66.2,20,0,19.46
2,Pafos,CY,2020-11-02 21:43:33,34.77,32.42,62.6,72,0,6.93
3,Sampit,ID,2020-11-02 21:44:43,-2.53,112.95,74.12,97,100,2.28
4,Rikitea,PF,2020-11-02 21:48:30,-23.12,-134.97,72.3,81,30,18.25
5,Dikson,RU,2020-11-02 21:48:30,73.51,80.55,17.15,96,100,9.78
6,Ushuaia,AR,2020-11-02 21:44:44,-54.8,-68.3,59.0,51,20,6.93
7,Birjand,IR,2020-11-02 21:45:55,32.87,59.22,41.0,15,0,4.7
8,Namatanai,PG,2020-11-02 21:48:30,-3.67,152.43,84.42,72,8,3.18
9,Hobart,AU,2020-11-02 21:44:34,-42.88,147.33,64.99,59,0,10.29
10,Birin,NP,2020-11-02 21:48:31,26.89,88.07,55.63,99,14,2.68
11,Aklavik,CA,2020-11-02 21:48:31,68.22,-135.01,1.4,70,100,4.7
12,Nanortalik,GL,2020-11-02 21:45:04,60.14,-45.24,30.87,86,84,9.46
13,Souillac,MU,2020-11-02 21:45:10,-20.52,57.52,69.8,77,75,11.41
14,Lorengau,PG,2020-11-02 21:46:46,-2.02,147.27,84.45,69,2,2.48
15,Vaini,TO,2020-11-02 21:48:32,-21.2,-175.2,78.8,83,40,12.75
16,Boyolangu,ID,2020-11-02 21:48:32,-8.12,111.89,75.43,86,44,1.05
17,Busselton,AU,2020-11-02 21:45:18,-33.65,115.33,55.99,85,15,8.79
18,Puerto Colombia,CO,2020-11-02 21:48:33,10.99,-74.95,82.81,81,80,10.67
19,Mawlamyine,MM,2020-11-02 21:48:33,16.49,97.63,75.69,91,3,4.7
20,Okhotsk,RU,2020-11-02 21:48:33,59.38,143.3,31.89,93,100,28.12
21,Norman Wells,CA,2020-11-02 21:48:33,65.28,-126.83,8.6,84,90,10.29
22,Arraial Do Cabo,BR,2020-11-02 21:45:58,-22.97,-42.03,71.6,60,75,5.82
23,Frontera,MX,2020-11-02 21:48:34,26.93,-101.45,70.57,36,11,9.66
24,Taoudenni,ML,2020-11-02 21:48:34,22.68,-3.98,80.06,17,100,8.21
25,Palmer,US,2020-11-02 21:48:34,42.16,-72.33,37.4,37,20,21.92
26,Punta Arenas,CL,2020-11-02 21:48:34,-53.15,-70.92,53.6,58,75,8.05
27,Mataura,NZ,2020-11-02 21:44:10,-46.19,168.86,55.0,75,48,1.99
28,Verkh-Usugli,RU,2020-11-02 21:48:34,52.7,115.17,8.83,85,0,2.73
29,Kigoma,TZ,2020-11-02 21:48:34,-4.88,29.63,73.4,83,20,4.9
30,Upernavik,GL,2020-11-02 21:48:35,72.79,-56.15,16.75,92,99,7.2
31,Port Alfred,ZA,2020-11-02 21:45:13,-33.59,26.89,66.7,83,36,21.56
32,Bluff,NZ,2020-11-02 21:44:25,-46.6,168.33,55.0,75,74,1.99
33,Bethel,US,2020-11-02 21:44:10,41.37,-73.41,37.4,40,1,12.75
34,Manyana,BW,2020-11-02 21:46:09,-23.4,21.72,69.98,64,100,17.63
35,Narasannapeta,IN,2020-11-02 21:48:36,18.42,84.05,75.97,86,99,4.14
36,Lavrentiya,RU,2020-11-02 21:44:56,65.58,-171.0,20.53,87,0,3.27
37,Lyngseidet,NO,2020-11-02 21:48:36,69.58,20.22,42.8,70,75,27.51
38,Georgetown,MY,2020-11-02 21:48:36,5.41,100.34,77.0,94,20,3.36
39,Mount Isa,AU,2020-11-02 21:48:36,-20.73,139.5,78.8,21,1,17.72
40,Vostok,RU,2020-11-02 21:48:36,46.49,135.88,18.37,97,80,6.06
41,Atuona,PF,2020-11-02 21:45:55,-9.8,-139.03,77.41,76,59,19.55
42,Saint-Philippe,RE,2020-11-02 21:48:37,-21.36,55.77,69.8,60,90,4.7
43,Imeni Poliny Osipenko,RU,2020-11-02 21:48:37,52.42,136.49,25.95,98,99,6.38
44,Mar Del Plata,AR,2020-11-02 21:43:42,-38.0,-57.56,62.6,67,0,12.75
45,Asaka,JP,2020-11-02 21:48:37,35.8,139.6,61.0,51,100,1.14
46,Grindavik,IS,2020-11-02 21:48:37,63.84,-22.43,41.0,80,75,26.4
47,Thaton,MM,2020-11-02 21:48:37,16.92,97.37,75.15,94,26,3.69
48,Praia Da Vitoria,PT,2020-11-02 21:48:38,38.73,-27.07,62.6,67,75,12.75
49,Tasiilaq,GL,2020-11-02 21:46:11,65.61,-37.64,32.0,80,0,2.24
50,Romny,UA,2020-11-02 21:48:38,50.75,33.47,44.04,96,91,6.4
51,Gold Coast,AU,2020-11-02 21:44:57,-28.0,153.43,72.0,60,3,12.75
52,Tiksi,RU,2020-11-02 21:48:38,71.69,128.87,3.92,89,100,4.56
53,Kavieng,PG,2020-11-02 21:45:59,-2.57,150.8,84.42,70,2,3.67
54,Castro,BR,2020-11-02 21:48:38,-24.79,-50.01,58.89,68,21,7.38
55,Bambous Virieux,MU,2020-11-02 21:48:38,-20.34,57.76,69.8,77,75,11.41
56,Chokurdakh,RU,2020-11-02 21:48:39,70.63,147.92,-9.54,90,96,9.93
57,Dudinka,RU,2020-11-02 21:48:39,69.41,86.18,12.2,92,40,2.24
58,Kelowna,CA,2020-11-02 21:48:39,49.88,-119.49,54.0,54,1,6.93
59,Constitucion,CL,2020-11-02 21:46:37,-35.33,-72.42,57.99,79,50,11.63
60,Kapaa,US,2020-11-02 21:44:17,22.08,-159.32,80.6,74,20,11.41
61,Araouane,ML,2020-11-02 21:46:00,18.9,-3.53,84.51,15,100,8.5
62,Port Lincoln,AU,2020-11-02 21:45:04,-34.73,135.87,75.45,30,88,17.78
63,Qaanaaq,GL,2020-11-02 21:45:58,77.48,-69.36,6.76,79,100,5.21
64,Kalat,PK,2020-11-02 21:44:09,29.02,66.59,45.01,32,0,3.96
65,Tuktoyaktuk,CA,2020-11-02 21:48:40,69.45,-133.04,6.8,84,90,14.99
66,Kirovskiy,RU,2020-11-02 21:48:40,45.09,133.51,27.81,89,96,9.19
67,Inhambane,MZ,2020-11-02 21:48:40,-23.86,35.38,71.91,79,1,5.73
68,Marsabit,KE,2020-11-02 21:48:40,2.33,37.99,67.23,83,87,11.5
69,Guanambi,BR,2020-11-02 21:48:40,-14.22,-42.78,71.06,77,96,12.01
70,Kyabram,AU,2020-11-02 21:48:40,-36.32,145.05,66.0,59,86,8.84
71,Hermanus,ZA,2020-11-02 21:45:08,-34.42,19.23,64.99,84,3,8.99
72,Albany,US,2020-11-02 21:45:25,42.6,-73.97,36.0,59,1,1.01
73,Chipinge,ZW,2020-11-02 21:48:41,-20.19,32.62,61.16,92,43,6.49
74,Spas-Klepiki,RU,2020-11-02 21:48:42,55.13,40.18,43.0,91,75,5.01
75,Saint-Augustin,CA,2020-11-02 21:48:42,51.23,-58.65,51.69,96,100,26.69
76,Jamestown,US,2020-11-02 21:48:42,42.1,-79.24,37.0,69,90,17.22
77,Vanimo,PG,2020-11-02 21:48:42,-2.67,141.3,82.31,73,100,4.16
78,Sitka,US,2020-11-02 21:48:43,57.05,-135.33,42.8,75,90,13.87
79,Clyde River,CA,2020-11-02 21:48:43,70.47,-68.59,12.2,85,20,19.46
80,Otjimbingwe,NA,2020-11-02 21:48:43,-22.35,16.13,61.9,37,0,2.35
81,Udachnyy,RU,2020-11-02 21:48:43,66.42,112.4,6.8,84,90,6.71
82,Cherdyn,RU,2020-11-02 21:48:43,60.4,56.48,25.52,97,12,2.77
83,Te Anau,NZ,2020-11-02 21:48:43,-45.42,167.72,58.12,52,58,0.74
84,Yellowknife,CA,2020-11-02 21:48:44,62.46,-114.35,10.0,92,90,10.29
85,Nhulunbuy,AU,2020-11-02 21:48:44,-12.23,136.77,78.8,83,94,5.66
86,Olafsvik,IS,2020-11-02 21:48:44,64.89,-23.71,39.69,79,95,19.35
87,Balkanabat,TM,2020-11-02 21:48:44,39.51,54.37,65.59,28,29,2.44
88,East London,ZA,2020-11-02 21:48:44,-33.02,27.91,67.35,84,74,15.05
89,Sibiti,CG,2020-11-02 21:48:45,-3.68,13.35,69.69,99,38,1.81
90,Codrington,AU,2020-11-02 21:48:45,-38.27,141.97,66.58,67,98,15.59
91,Guntur,IN,2020-11-02 21:44:17,16.3,80.45,73.6,88,18,4.45
92,Logan,US,2020-11-02 21:48:45,41.74,-111.83,69.01,23,1,3.89
93,Talakan,RU,2020-11-02 21:48:45,50.32,130.37,21.42,92,100,11.54
94,Minas,UY,2020-11-02 21:48:45,-34.38,-55.24,64.4,72,20,18.34
95,Avarua,CK,2020-11-02 21:48:45,-21.21,-159.78,73.4,83,100,24.11
96,Itoman,JP,2020-11-02 21:48:46,26.12,127.67,75.2,83,75,23.04
97,Ust-Barguzin,RU,2020-11-02 21:48:46,53.45,108.98,20.26,87,100,5.19
98,Skibbereen,IE,2020-11-02 21:48:46,51.55,-9.27,39.2,86,75,6.93
99,Cabo San Lucas,MX,2020-11-02 21:48:46,22.89,-109.91,88.0,58,20,10.29
100,Iquique,CL,2020-11-02 21:47:15,-20.22,-70.14,66.2,59,0,17.22
101,Butaritari,KI,2020-11-02 21:48:47,3.07,172.79,81.27,74,62,17.92
102,Buchanan,LR,2020-11-02 21:48:47,5.88,-10.05,78.37,86,81,6.31
103,Severo-Kurilsk,RU,2020-11-02 21:44:16,50.68,156.12,43.74,82,100,25.72
104,Elizabeth City,US,2020-11-02 21:48:47,36.29,-76.25,53.6,34,1,17.22
105,Viedma,AR,2020-11-02 21:46:58,-40.81,-63.0,87.01,22,0,20.83
106,Torbay,CA,2020-11-02 21:48:47,47.67,-52.73,55.0,100,90,41.38
107,Laguna,US,2020-11-02 21:45:33,38.42,-121.42,82.0,24,1,1.77
108,Pombia,IT,2020-11-02 21:48:47,45.65,8.63,55.0,100,75,2.24
109,Ketchikan,US,2020-11-02 21:48:48,55.34,-131.65,53.6,100,90,25.28
110,Mehamn,NO,2020-11-02 21:48:48,71.04,27.85,37.4,86,0,26.4
111,Nikolskoye,RU,2020-11-02 21:44:09,59.7,30.79,43.0,87,90,11.18
112,Ancud,CL,2020-11-02 21:48:48,-41.87,-73.82,57.99,81,75,9.17
113,Kodiak,US,2020-11-02 21:48:48,57.79,-152.41,28.4,54,1,13.87
114,Lebu,CL,2020-11-02 21:48:48,-37.62,-73.65,53.33,85,73,11.63
115,Cape Town,ZA,2020-11-02 21:45:19,-33.93,18.42,66.99,82,0,8.05
116,Milkovo,RU,2020-11-02 21:48:49,54.72,158.62,30.78,96,100,1.52
117,Broome,US,2020-11-02 21:48:49,42.25,-75.83,35.01,95,90,18.34
118,Hay River,CA,2020-11-02 21:48:49,60.82,-115.8,19.4,79,100,11.41
119,Faanui,PF,2020-11-02 21:48:49,-16.48,-151.75,79.83,80,0,18.77
120,Agropoli,IT,2020-11-02 21:48:49,40.35,15.0,55.0,85,70,1.01
121,New Norfolk,AU,2020-11-02 21:48:50,-42.78,147.06,66.0,33,100,1.99
122,Kurilsk,RU,2020-11-02 21:48:50,45.23,147.88,47.34,86,99,14.5
123,Geraldton,AU,2020-11-02 21:44:34,-28.77,114.6,57.2,87,64,5.82
124,Deputatskiy,RU,2020-11-02 21:48:50,69.3,139.9,-13.9,83,8,2.98
125,Kurumkan,RU,2020-11-02 21:48:50,54.3,110.3,15.58,76,60,1.48
126,Havre-Saint-Pierre,CA,2020-11-02 21:46:21,50.23,-63.6,41.0,100,90,16.11
127,Touros,BR,2020-11-02 21:48:51,-5.2,-35.46,80.6,78,20,16.11
128,Cidreira,BR,2020-11-02 21:46:03,-30.18,-50.21,62.71,76,0,7.56
129,Almaznyy,RU,2020-11-02 21:48:51,48.04,40.05,50.0,93,40,8.95
130,Isiro,CD,2020-11-02 21:48:51,2.77,27.62,67.12,98,100,0.78
131,Saint-Georges,GD,2020-11-02 21:48:51,12.06,-61.75,84.2,74,20,28.86
132,Mount Gambier,AU,2020-11-02 21:48:51,-37.83,140.77,68.0,52,97,9.17
133,Abha,SA,2020-11-02 21:46:37,18.22,42.51,59.0,43,0,1.39
134,Burnie,AU,2020-11-02 21:48:52,-41.07,145.92,63.0,68,82,4.0
135,Bilibino,RU,2020-11-02 21:46:29,68.05,166.44,-5.6,89,93,3.4
136,Labuhan,ID,2020-11-02 21:48:52,-6.88,112.21,78.33,84,100,7.2
137,Saskylakh,RU,2020-11-02 21:45:40,71.92,114.08,6.44,94,98,6.33
138,General Roca,AR,2020-11-02 21:48:52,-39.03,-67.58,91.4,18,0,4.7
139,Le Port,RE,2020-11-02 21:48:52,-20.94,55.29,69.8,60,90,9.17
140,Hohhot,CN,2020-11-02 21:46:49,40.81,111.65,17.6,61,0,4.47
141,Umm Lajj,SA,2020-11-02 21:48:52,25.02,37.27,78.75,70,26,6.51
142,Hithadhoo,MV,2020-11-02 21:48:46,-0.6,73.08,82.87,74,100,9.98
143,Hasaki,JP,2020-11-02 21:46:32,35.73,140.83,57.2,100,75,2.24
144,Dingle,PH,2020-11-02 21:48:53,11.0,122.67,75.81,90,100,5.32
145,Tautira,PF,2020-11-02 21:48:53,-17.73,-149.15,84.2,70,75,10.29
146,Puerto Ayora,EC,2020-11-02 21:44:14,-0.74,-90.35,78.8,65,40,17.22
147,Talnakh,RU,2020-11-02 21:45:42,69.49,88.4,12.2,92,40,2.24
148,Bandundu,CD,2020-11-02 21:48:53,-3.32,17.37,72.52,89,100,1.77
149,Joshimath,IN,2020-11-02 21:48:53,30.57,79.57,47.16,49,0,3.85
150,Bredasdorp,ZA,2020-11-02 21:44:18,-34.53,20.04,66.2,82,35,12.75
151,Pangnirtung,CA,2020-11-02 21:48:53,66.15,-65.71,15.8,52,20,9.24
152,Saint-Francois,FR,2020-11-02 21:48:54,46.42,3.91,59.0,87,90,16.11
153,Longyearbyen,SJ,2020-11-02 21:48:54,78.22,15.64,35.6,74,75,39.15
154,Vikulovo,RU,2020-11-02 21:48:54,56.82,70.61,29.95,97,100,7.56
155,Nelson Bay,AU,2020-11-02 21:48:54,-32.72,152.15,64.99,82,40,8.05
156,Hurghada,EG,2020-11-02 21:48:54,27.26,33.81,75.2,44,0,9.17
157,Ilulissat,GL,2020-11-02 21:45:24,69.22,-51.1,21.2,67,45,13.87
158,Saldanha,ZA,2020-11-02 21:48:54,-33.01,17.94,73.4,53,98,4.7
159,Griffith,US,2020-11-02 21:48:55,41.53,-87.42,50.0,29,1,11.41
160,Alofi,NU,2020-11-02 21:48:55,-19.06,-169.92,78.8,83,75,19.46
161,Luderitz,NA,2020-11-02 21:45:49,-26.65,15.16,61.52,83,87,5.28
162,Kepanjen,ID,2020-11-02 21:48:55,-8.13,112.57,71.37,86,85,1.95
163,Celendin,PE,2020-11-02 21:48:55,-6.87,-78.15,66.47,40,77,5.08
164,Port Blair,IN,2020-11-02 21:48:56,11.67,92.75,79.9,79,100,4.7
165,Cabedelo,BR,2020-11-02 21:48:56,-6.98,-34.83,78.8,78,20,9.17
166,Saint George,US,2020-11-02 21:48:56,37.1,-113.58,69.8,19,1,3.36
167,Rio Grande,BR,2020-11-02 21:46:49,-32.03,-52.1,64.0,78,5,3.0
168,Bengkulu,ID,2020-11-02 21:48:50,-3.8,102.27,74.97,91,100,6.67
169,Ribeira Grande,PT,2020-11-02 21:45:42,38.52,-28.7,60.8,59,75,8.05
170,Hami,CN,2020-11-02 21:48:57,42.8,93.45,36.64,74,0,3.29
171,Katsuura,JP,2020-11-02 21:48:57,35.13,140.3,60.8,93,75,2.24
172,Sassandra,CI,2020-11-02 21:48:57,4.95,-6.08,77.47,86,37,2.82
173,Moissala,TD,2020-11-02 21:48:57,8.34,17.77,74.14,76,35,2.75
174,Lompoc,US,2020-11-02 21:48:57,34.64,-120.46,73.4,68,1,14.99
175,Egvekinot,RU,2020-11-02 21:48:58,66.32,-179.17,12.81,91,94,0.72
176,Thompson,CA,2020-11-02 21:45:01,55.74,-97.86,23.0,79,90,6.93
177,Goderich,CA,2020-11-02 21:48:29,43.75,-81.72,42.8,48,100,24.16
178,Sheridan,US,2020-11-02 21:46:23,44.83,-106.92,75.2,27,1,3.36
179,Beringovskiy,RU,2020-11-02 21:48:59,63.05,179.32,26.38,93,81,5.37
180,Pokhara,NP,2020-11-02 21:49:00,28.23,83.98,64.49,43,0,5.73
181,Mayumba,GA,2020-11-02 21:49:00,-3.43,10.66,76.69,90,12,3.76
182,Hilo,US,2020-11-02 21:46:01,19.73,-155.09,87.8,55,75,3.36
183,Westerland,DE,2020-11-02 21:49:00,54.91,8.3,52.0,84,15,1.99
184,Tema,GH,2020-11-02 21:49:00,5.67,-0.02,80.6,83,0,2.24
185,San Vicente,AR,2020-11-02 21:49:00,-26.62,-54.13,69.06,49,97,2.84
186,Yar-Sale,RU,2020-11-02 21:47:06,66.83,70.83,16.95,94,69,8.86
187,Vieques,PR,2020-11-02 21:49:01,18.43,-65.83,87.8,62,75,6.93
188,Chuy,UY,2020-11-02 21:49:01,-33.7,-53.46,58.64,83,52,7.25
189,Pucallpa,PE,2020-11-02 21:49:01,-8.38,-74.55,87.8,58,40,5.82
190,Svencionys,LT,2020-11-02 21:49:01,55.15,26.17,43.45,87,100,10.56
191,Sao Joao Da Barra,BR,2020-11-02 21:49:01,-21.64,-41.05,71.6,60,75,13.87
192,Kyra,RU,2020-11-02 21:49:01,49.58,111.98,11.53,83,0,3.53
193,Kenai,US,2020-11-02 21:49:02,60.55,-151.26,28.0,21,1,29.97
194,Gushikawa,JP,2020-11-02 21:49:02,26.35,127.87,73.4,88,75,18.34
195,Yeppoon,AU,2020-11-02 21:48:01,-23.13,150.73,73.4,69,82,10.29
196,Isangel,VU,2020-11-02 21:44:38,-19.55,169.27,78.8,83,90,5.82
197,Airai,TL,2020-11-02 21:49:02,-8.93,125.41,63.99,61,70,1.99
198,Dhidhdhoo,MV,2020-11-02 21:49:02,6.88,73.1,82.33,69,4,5.48
199,Rawlins,US,2020-11-02 21:49:02,41.79,-107.24,64.4,16,1,19.46
200,Shamgarh,IN,2020-11-02 21:49:02,24.18,75.63,65.79,27,0,1.83
201,Mungwi,ZM,2020-11-02 21:49:03,-10.17,31.37,62.96,87,67,1.12
202,Chandler,US,2020-11-02 21:48:32,33.31,-111.84,93.99,14,75,10.29
203,Ahipara,NZ,2020-11-02 21:47:17,-35.17,173.17,66.56,80,100,13.87
204,San Quintin,MX,2020-11-02 21:49:03,30.48,-115.95,73.38,57,0,13.06
205,Port Elizabeth,ZA,2020-11-02 21:44:24,-33.92,25.57,64.4,88,0,14.99
206,Kulunda,RU,2020-11-02 21:49:03,52.57,78.94,29.98,94,93,5.88
207,Aquiraz,BR,2020-11-02 21:49:03,-3.9,-38.39,82.4,74,20,12.75
208,Robertsport,LR,2020-11-02 21:49:04,6.75,-11.37,80.38,81,90,6.58
209,Henties Bay,NA,2020-11-02 21:46:19,-22.12,14.28,60.01,86,98,1.99
210,Crawfordsville,US,2020-11-02 21:49:04,40.04,-86.87,50.0,31,1,12.75
211,Rendeux,BE,2020-11-02 21:49:04,50.23,5.5,51.01,87,20,13.87
212,Pacific Grove,US,2020-11-02 21:48:09,36.62,-121.92,78.8,72,1,8.05
213,Kulu,TR,2020-11-02 21:49:04,39.1,33.08,46.02,54,0,4.76
214,Wilmington,US,2020-11-02 21:48:33,34.23,-77.94,55.4,30,1,14.99
215,Tecoanapa,MX,2020-11-02 21:49:05,16.52,-98.75,86.09,56,54,7.52
216,Ponta Do Sol,PT,2020-11-02 21:45:57,32.67,-17.1,69.8,73,75,13.87
217,Provideniya,RU,2020-11-02 21:49:05,64.38,-173.3,30.2,68,75,13.42
218,Maceio,BR,2020-11-02 21:44:20,-9.67,-35.74,78.8,83,0,10.29
219,Ranong,TH,2020-11-02 21:49:05,9.97,98.63,77.47,83,46,4.43
220,Katobu,ID,2020-11-02 21:49:05,-4.94,122.53,74.17,89,100,3.49
221,Sao Domingos,BR,2020-11-02 21:49:06,-13.4,-46.32,72.25,88,97,5.79
222,Ginir,ET,2020-11-02 21:49:06,7.13,40.7,55.22,58,2,4.68
223,Flin Flon,CA,2020-11-02 21:45:15,54.77,-101.86,37.4,86,75,5.82
224,Langsa,ID,2020-11-02 21:49:06,4.47,97.97,75.79,91,98,1.45
225,Nong Khai,TH,2020-11-02 21:49:06,17.92,103.08,71.01,88,16,2.93
226,Zambrano,CO,2020-11-02 21:49:06,9.75,-74.82,83.84,78,88,0.38
227,Ambon,ID,2020-11-02 21:49:06,-3.7,128.18,82.0,94,100,5.99
228,Cherskiy,RU,2020-11-02 21:49:06,68.75,161.3,-4.99,90,100,11.21
229,Sarkhej,IN,2020-11-02 21:49:07,22.98,72.5,68.0,64,0,7.85
230,Emerald,AU,2020-11-02 21:49:07,-23.53,148.17,75.2,64,40,16.11
231,Jieshi,CN,2020-11-02 21:49:07,22.81,115.83,67.98,75,76,10.69
232,Kampot,KH,2020-11-02 21:49:07,10.62,104.18,75.2,88,20,2.24
233,De-Kastri,RU,2020-11-02 21:49:07,51.47,140.78,31.57,89,10,6.51
234,La Rioja,ES,2020-11-02 21:49:07,42.25,-2.5,59.0,82,75,4.7
235,Qasigiannguit,GL,2020-11-02 21:49:07,68.82,-51.19,21.2,67,20,13.87
236,Pitimbu,BR,2020-11-02 21:49:08,-7.47,-34.81,78.8,78,20,9.17
237,Haines Junction,CA,2020-11-02 21:49:08,60.75,-137.51,6.8,55,97,10.29
238,Saint Anthony,US,2020-11-02 21:45:39,45.02,-93.22,59.0,53,1,10.29
239,Raga,SS,2020-11-02 21:49:08,8.46,25.68,74.77,72,13,1.61
240,Ingham,US,2020-11-02 21:49:08,42.6,-84.38,46.4,28,1,10.29
241,Ponta Delgada,PT,2020-11-02 21:49:09,37.73,-25.67,62.6,63,75,9.17
242,Kambove,CD,2020-11-02 21:49:09,-10.88,26.6,65.44,69,24,1.16
243,Mpika,ZM,2020-11-02 21:49:09,-11.83,31.45,63.73,82,72,6.62
244,Gunjur,GM,2020-11-02 21:49:11,13.2,-16.73,77.0,88,0,3.36
245,Waycross,US,2020-11-02 21:49:11,31.21,-82.35,62.6,12,1,6.93
246,Road Town,VG,2020-11-02 21:49:11,18.42,-64.62,84.2,74,40,11.41
247,Xuddur,SO,2020-11-02 21:49:11,4.12,43.89,73.92,83,91,8.7
248,Guasdualito,VE,2020-11-02 21:49:11,7.24,-70.73,79.16,91,59,3.67
249,Anadyr,RU,2020-11-02 21:46:07,64.75,177.48,17.6,85,75,6.71
250,Avera,US,2020-11-02 21:49:12,33.19,-82.53,59.0,26,1,4.7
251,Marandahalli,IN,2020-11-02 21:49:13,12.4,78.0,68.97,89,0,2.42
252,Tias,ES,2020-11-02 21:49:13,28.96,-13.64,71.6,78,40,11.41
253,Cabo Rojo,PR,2020-11-02 21:49:13,18.09,-67.15,81.0,91,100,1.99
254,Kaitangata,NZ,2020-11-02 21:49:13,-46.28,169.85,57.99,64,47,5.01
255,Komsomolskiy,UZ,2020-11-02 21:45:03,40.43,71.72,44.6,39,0,6.93
256,Victoria,HK,2020-11-02 21:46:45,22.29,114.16,72.0,69,40,10.65
257,Carnarvon,AU,2020-11-02 21:49:14,-24.87,113.63,60.8,82,40,5.82
258,Gazanjyk,TM,2020-11-02 21:49:14,39.24,55.52,64.31,26,60,8.14
259,Vao,NC,2020-11-02 21:46:49,-22.67,167.48,75.09,91,100,5.53
260,Kununurra,AU,2020-11-02 21:49:14,-15.77,128.73,75.2,83,26,8.3
261,San Jeronimo,PE,2020-11-02 21:49:14,-11.95,-75.28,58.71,54,98,2.59
262,Huanren,CN,2020-11-02 21:49:15,41.26,125.37,26.44,81,0,4.59
263,Malakal,SS,2020-11-02 21:49:15,9.53,31.66,77.25,74,65,3.31
264,Nahariyya,IL,2020-11-02 21:49:15,33.01,35.09,66.0,81,13,1.88
265,Yangjiang,CN,2020-11-02 21:49:15,21.85,111.97,66.94,78,42,7.67
266,Port Augusta,AU,2020-11-02 21:49:15,-32.5,137.77,71.6,40,15,8.05
267,Sisimiut,GL,2020-11-02 21:49:15,66.94,-53.67,20.59,88,100,16.62
268,Talaya,RU,2020-11-02 21:49:15,61.38,152.75,17.4,95,100,6.35
269,Mayskiy,RU,2020-11-02 21:49:16,47.69,40.1,50.0,93,40,8.95
270,Dagua,CO,2020-11-02 21:49:16,3.66,-76.69,71.24,84,85,4.16
271,Lagoa,PT,2020-11-02 21:49:16,39.05,-27.98,62.37,63,100,13.91
272,Pevek,RU,2020-11-02 21:45:17,69.7,170.31,12.56,88,67,21.05
273,Tuatapere,NZ,2020-11-02 21:49:16,-46.13,167.68,55.0,75,62,1.99
274,Izhmorskiy,RU,2020-11-02 21:49:16,56.19,86.64,28.65,97,100,5.68
275,Kholm,RU,2020-11-02 21:49:16,59.27,32.85,43.79,86,100,13.18
276,Puerto El Triunfo,SV,2020-11-02 21:49:17,13.28,-88.55,86.0,58,20,2.24
277,Sesvete,HR,2020-11-02 21:49:17,45.83,16.12,59.0,81,0,6.93
278,Chhatarpur,IN,2020-11-02 21:49:17,24.9,79.6,62.87,29,0,2.82
279,Naze,JP,2020-11-02 21:46:34,28.37,129.48,75.2,73,75,23.04
280,Zhenlai,CN,2020-11-02 21:49:17,45.85,123.3,20.84,74,0,10.67
281,Viransehir,TR,2020-11-02 21:49:17,37.24,39.76,60.71,52,76,10.09
282,Bantou,CN,2020-11-02 21:49:17,26.22,117.49,59.41,88,94,2.53
283,Yunyang,CN,2020-11-02 21:49:18,33.45,112.71,50.45,45,95,5.91
284,Gusino,RU,2020-11-02 21:49:18,54.72,31.37,44.49,91,100,4.7
285,Creston,US,2020-11-02 21:49:18,41.06,-94.36,60.8,31,1,11.41
286,Sinop,TR,2020-11-02 21:49:18,41.77,34.87,45.86,74,9,5.32
287,Ayr,GB,2020-11-02 21:49:18,55.46,-4.63,46.4,87,40,14.99
288,Mirnyy,RU,2020-11-02 21:49:18,62.54,113.96,8.6,78,20,8.95
289,Davila,PH,2020-11-02 21:49:18,18.47,120.58,77.0,88,75,4.7
290,Vilyuysk,RU,2020-11-02 21:49:19,63.76,121.62,2.75,89,100,7.81
291,Shenjiamen,CN,2020-11-02 21:46:58,29.96,122.3,63.84,62,0,21.21
292,Maniitsoq,GL,2020-11-02 21:49:19,65.42,-52.9,24.96,83,97,17.09
293,Namibe,AO,2020-11-02 21:49:19,-15.2,12.15,68.81,76,29,2.86
294,Altay,CN,2020-11-02 21:49:12,47.87,88.12,30.25,82,59,2.55
295,Caravelas,BR,2020-11-02 21:49:19,-17.71,-39.25,72.28,75,98,11.32
296,Khatanga,RU,2020-11-02 21:49:19,71.97,102.5,11.7,96,100,6.58
297,San Antonio,US,2020-11-02 21:48:09,29.42,-98.49,75.2,17,1,4.7
298,Bara,NG,2020-11-02 21:49:19,10.37,10.73,79.0,31,74,8.88
299,Traralgon,AU,2020-11-02 21:47:47,-38.18,146.53,69.01,65,97,4.0
300,Saraland,US,2020-11-02 21:49:20,30.82,-88.07,66.2,22,1,10.29
301,Nebolchi,RU,2020-11-02 21:49:20,59.12,33.35,43.29,87,100,12.12
302,Leningradskiy,RU,2020-11-02 21:49:20,69.38,178.42,17.15,93,100,6.6
303,Pisco,PE,2020-11-02 21:44:29,-13.7,-76.22,66.2,77,90,13.87
304,Tyukalinsk,RU,2020-11-02 21:49:20,55.87,72.2,29.91,97,100,5.03
305,Port-Gentil,GA,2020-11-02 21:49:20,-0.72,8.78,78.8,88,20,6.93
306,Pokrovskoye,RU,2020-11-02 21:49:21,47.42,38.9,51.17,89,75,3.83
307,Esperance,AU,2020-11-02 21:49:21,-33.87,121.9,57.2,100,90,11.41
308,Manggar,ID,2020-11-02 21:49:21,-2.88,108.27,78.53,83,86,3.65
309,Sao Filipe,CV,2020-11-02 21:49:21,14.9,-24.5,80.83,62,51,5.19
310,Pocoes,BR,2020-11-02 21:49:21,-14.53,-40.37,63.3,95,100,6.93
311,Waverly,US,2020-11-02 21:49:21,42.74,-84.62,46.4,31,1,21.92
312,Borogontsy,RU,2020-11-02 21:49:21,62.67,131.17,-13.81,89,62,3.02
313,Half Moon Bay,US,2020-11-02 21:49:21,37.46,-122.43,80.01,68,5,6.93
314,Vodnyy,RU,2020-11-02 21:49:22,63.5,53.41,28.04,94,86,8.61
315,Khandyga,RU,2020-11-02 21:49:22,62.67,135.6,-12.91,87,0,2.82
316,Kangaatsiaq,GL,2020-11-02 21:49:22,68.31,-53.46,22.71,92,97,16.55
317,Rodeo,US,2020-11-02 21:49:22,38.03,-122.27,82.0,22,1,8.05
318,Los Llanos De Aridane,ES,2020-11-02 21:44:50,28.66,-17.92,71.6,64,0,9.17
319,Sorland,NO,2020-11-02 21:49:22,67.67,12.69,44.6,93,75,3.36
320,Ishigaki,JP,2020-11-02 21:49:23,24.34,124.16,75.2,83,75,20.8
321,Kahului,US,2020-11-02 21:46:46,20.89,-156.47,89.6,52,40,16.11
322,Dwarka,IN,2020-11-02 21:49:23,22.24,68.97,79.86,47,0,8.88
323,Pachino,IT,2020-11-02 21:49:23,36.72,15.09,57.99,93,0,4.7
324,Novita,CO,2020-11-02 21:49:23,4.96,-76.61,77.77,89,38,2.95
325,Kruisfontein,ZA,2020-11-02 21:49:23,-34.0,24.73,62.01,91,0,7.45
326,Macheng,CN,2020-11-02 21:49:23,31.18,115.03,51.96,46,0,5.12
327,Vila Velha,BR,2020-11-02 21:49:24,-20.33,-40.29,73.4,53,75,13.87
328,Nalut,LY,2020-11-02 21:49:24,30.33,10.85,60.64,45,0,11.25
329,Karasuk,RU,2020-11-02 21:49:24,53.74,78.04,32.79,90,100,7.78
330,Bartlesville,US,2020-11-02 21:49:24,36.75,-95.98,69.8,28,1,9.17
331,Antanifotsy,MG,2020-11-02 21:49:24,-19.65,47.32,55.58,74,6,1.14
332,Tete,MZ,2020-11-02 21:49:24,-16.16,33.59,77.0,69,40,6.02
333,Terrace,CA,2020-11-02 21:49:24,54.52,-128.6,46.4,100,90,11.41
334,Arman,RU,2020-11-02 21:49:24,59.7,150.17,32.68,95,100,17.02
335,Kieta,PG,2020-11-02 21:48:58,-6.22,155.63,85.33,65,51,1.45
336,Kaduqli,SD,2020-11-02 21:49:25,11.02,29.72,82.42,37,57,3.04
337,Olinda,BR,2020-11-02 21:49:25,-8.01,-34.86,82.4,69,40,9.17
338,Fortuna,US,2020-11-02 21:49:25,40.6,-124.16,51.8,87,1,16.11
339,Comodoro Rivadavia,AR,2020-11-02 21:49:25,-45.87,-67.5,73.4,43,0,4.7
340,San Andres,CO,2020-11-02 21:48:21,12.58,-81.7,81.86,81,100,25.14
341,Faya,SA,2020-11-02 21:46:22,18.39,42.45,59.0,43,0,0.13
342,Polunochnoye,RU,2020-11-02 21:49:25,60.87,60.42,22.44,97,1,3.36
343,Jutai,BR,2020-11-02 21:49:25,-5.18,-68.9,83.57,73,88,1.9
344,Nyimba,ZM,2020-11-02 21:49:26,-14.56,30.81,72.32,74,84,3.09
345,Pontianak,ID,2020-11-02 21:49:26,-0.03,109.33,74.43,97,93,3.36
346,Manono,CD,2020-11-02 21:49:26,-7.3,27.42,71.17,91,100,1.45
347,Yaring,TH,2020-11-02 21:49:26,6.87,101.37,77.95,85,88,3.49
348,Arawa,PG,2020-11-02 21:49:26,-6.21,155.54,86.45,63,37,0.63
349,Rodrigues Alves,BR,2020-11-02 21:49:26,-7.74,-72.65,89.6,52,20,2.24
350,Along,IN,2020-11-02 21:49:27,28.17,94.77,65.46,88,74,1.88
351,Nishihara,JP,2020-11-02 21:49:27,26.18,127.76,75.2,94,75,11.41
352,Mahebourg,MU,2020-11-02 21:46:24,-20.41,57.7,69.8,77,75,11.41
353,Vardo,NO,2020-11-02 21:49:27,70.37,31.11,37.4,86,75,29.97
354,Sal Rei,CV,2020-11-02 21:49:27,16.18,-22.92,78.8,83,0,12.75
355,Ambilobe,MG,2020-11-02 21:49:27,-13.2,49.05,71.74,69,53,5.48
356,Abrau-Dyurso,RU,2020-11-02 21:49:27,44.69,37.59,53.6,87,100,4.47
357,Inta,RU,2020-11-02 21:45:26,66.03,60.17,31.32,98,100,21.5
358,Hibbing,US,2020-11-02 21:49:28,47.43,-92.94,48.2,45,1,8.05
359,Hamilton,US,2020-11-02 21:45:02,39.18,-84.53,48.99,26,40,12.75
360,Plettenberg Bay,ZA,2020-11-02 21:49:28,-34.05,23.37,63.82,88,0,5.77
361,Sept-Iles,CA,2020-11-02 21:49:28,50.2,-66.38,33.8,74,100,18.34
362,Innisfail,AU,2020-11-02 21:45:02,-17.53,146.03,79.99,72,18,9.89
363,Assiniboia,CA,2020-11-02 21:49:28,49.63,-105.98,66.2,20,0,19.46
364,Kichera,RU,2020-11-02 21:49:28,55.94,110.1,16.48,79,99,0.51
365,Vestmannaeyjar,IS,2020-11-02 21:49:29,63.44,-20.27,43.72,72,100,31.23
366,Gacko,BA,2020-11-02 21:47:02,43.17,18.54,51.8,87,0,1.12
367,Daru,PG,2020-11-02 21:45:38,-9.08,143.21,82.24,82,100,14.0
368,Yerbogachen,RU,2020-11-02 21:46:00,61.28,108.01,23.77,98,100,8.28
369,Svetlyy,RU,2020-11-02 21:48:53,54.67,20.13,55.99,100,75,8.95
370,Maldonado,UY,2020-11-02 21:49:26,-34.67,-54.92,64.4,72,20,18.34
371,La Ronge,CA,2020-11-02 21:49:29,55.1,-105.28,44.6,70,71,1.12
372,Camacha,PT,2020-11-02 21:49:29,33.08,-16.33,69.8,77,40,11.41
373,Guerrero Negro,MX,2020-11-02 21:46:17,27.98,-114.06,77.77,49,17,15.3
374,Zhigansk,RU,2020-11-02 21:49:30,66.77,123.37,-0.35,91,100,21.25
375,Sao Miguel Do Araguaia,BR,2020-11-02 21:49:30,-13.28,-50.16,73.81,87,88,4.36
376,Barguzin,RU,2020-11-02 21:49:30,53.62,109.62,16.88,82,85,2.98
377,Harper,LR,2020-11-02 21:49:30,4.38,-7.72,78.15,86,41,3.42
378,Bluefield,US,2020-11-02 21:46:46,37.27,-81.22,39.2,32,1,11.41
379,Siderno,IT,2020-11-02 21:49:30,38.28,16.3,62.6,67,20,8.05
380,Shirgaon,IN,2020-11-02 21:49:30,19.7,72.7,80.96,59,71,6.91
381,Terney,RU,2020-11-02 21:49:31,45.05,136.61,33.13,85,0,8.08
382,Antofagasta,CL,2020-11-02 21:47:15,-23.65,-70.4,62.6,67,40,17.22
383,Poum,NC,2020-11-02 21:49:31,-20.23,164.02,77.58,77,99,3.09
384,Srednekolymsk,RU,2020-11-02 21:47:17,67.45,153.68,-9.85,87,0,9.08
385,Viloco,BO,2020-11-02 21:49:31,-16.95,-67.55,49.55,64,34,7.2
386,Ajdabiya,LY,2020-11-02 21:49:31,30.76,20.23,66.79,66,0,7.72
387,Mackay,AU,2020-11-02 21:49:31,-21.15,149.2,78.8,74,40,20.8
388,Perth,AU,2020-11-02 21:49:26,-31.93,115.83,59.0,93,75,1.12
389,Bismarck,US,2020-11-02 21:49:32,46.81,-100.78,69.8,39,1,8.05
390,Berlevag,NO,2020-11-02 21:49:32,70.86,29.09,41.0,80,75,27.51
391,Marawi,PH,2020-11-02 21:49:32,8.0,124.29,72.0,90,100,4.0
392,Jumla,NP,2020-11-02 21:49:32,29.27,82.18,43.36,61,0,6.6
393,Sarny,UA,2020-11-02 21:49:32,51.34,26.6,43.57,79,99,4.7
394,Tweed,CA,2020-11-02 21:49:32,44.48,-77.32,35.01,85,100,3.0
395,Takahata,JP,2020-11-02 21:49:33,38.0,140.19,55.99,67,92,4.41
396,Hobyo,SO,2020-11-02 21:49:33,5.35,48.53,80.44,80,56,12.01
397,Cabra,ES,2020-11-02 21:49:33,37.47,-4.44,55.4,76,0,4.7
398,Baiyin,CN,2020-11-02 21:49:33,36.56,104.21,42.01,68,0,4.47
399,Beysehir,TR,2020-11-02 21:49:33,37.68,31.72,45.72,61,0,3.36
400,Iqaluit,CA,2020-11-02 21:45:04,63.75,-68.51,17.6,67,75,12.75
401,Akdepe,TM,2020-11-02 21:49:34,42.06,59.38,46.4,36,0,9.17
402,Meulaboh,ID,2020-11-02 21:45:19,4.14,96.13,77.14,90,100,2.35
403,Xinqing,CN,2020-11-02 21:49:34,48.23,129.5,16.36,90,98,7.65
404,Santander,ES,2020-11-02 21:49:34,43.46,-3.8,54.0,100,90,4.7
405,Kalas,IN,2020-11-02 21:49:34,18.17,74.8,70.74,69,1,2.46
406,Nanning,CN,2020-11-02 21:49:16,22.82,108.32,64.4,72,0,6.71
407,Baykit,RU,2020-11-02 21:48:17,61.67,96.37,20.93,94,91,6.17
408,Spassk-Ryazanskiy,RU,2020-11-02 21:49:35,54.41,40.38,43.0,91,82,5.01
409,Rabo De Peixe,PT,2020-11-02 21:49:35,37.8,-25.58,62.6,63,75,9.17
410,Prince Rupert,CA,2020-11-02 21:49:35,54.32,-130.32,55.4,82,75,16.11
411,Sobolevo,RU,2020-11-02 21:49:35,54.43,31.9,43.9,92,95,5.7
412,Palmerston North,NZ,2020-11-02 21:49:35,-40.35,175.62,55.99,94,100,6.11
413,Stevens Point,US,2020-11-02 21:49:00,44.52,-89.57,51.8,34,1,11.41
414,Krasnoselkup,RU,2020-11-02 21:46:56,65.7,82.47,17.89,97,96,12.84
415,Tuscaloosa,US,2020-11-02 21:49:35,33.21,-87.57,60.8,25,1,8.05
416,Cayenne,GF,2020-11-02 21:49:36,4.93,-52.33,77.0,100,0,2.24
417,Nipawin,CA,2020-11-02 21:49:36,53.37,-104.0,42.8,80,1,6.93
418,Yovon,TJ,2020-11-02 21:49:36,38.31,69.04,42.8,45,0,5.57
419,Gryazovets,RU,2020-11-02 21:49:36,58.88,40.25,34.95,96,91,10.09
420,Katherine,AU,2020-11-02 21:44:37,-14.47,132.27,77.0,61,88,6.73
421,Kristiinankaupunki,FI,2020-11-02 21:49:36,62.27,21.38,51.31,95,100,15.86
422,Malanje,AO,2020-11-02 21:49:36,-9.54,16.34,65.46,96,22,3.71
423,Tynda,RU,2020-11-02 21:49:37,55.17,124.72,-4.88,87,14,4.05
424,Port Hedland,AU,2020-11-02 21:44:42,-20.32,118.57,68.0,88,0,6.93
425,Una,IN,2020-11-02 21:49:37,20.82,71.03,76.8,47,0,8.19
426,Lieto,FI,2020-11-02 21:49:37,60.51,22.46,55.4,100,90,20.8
427,Nuuk,GL,2020-11-02 21:49:03,64.18,-51.72,23.0,53,75,17.22
428,Grand Baie,MU,2020-11-02 21:49:37,-20.02,57.58,69.01,72,21,1.99
429,Malegaon,IN,2020-11-02 21:49:37,20.55,74.53,72.7,52,23,2.64
430,Shelburne,CA,2020-11-02 21:49:37,44.08,-80.2,37.99,68,100,23.24
431,Makakilo City,US,2020-11-02 21:44:57,21.35,-158.09,86.0,65,40,10.29
432,Dagana,MR,2020-11-02 21:49:38,16.52,-15.51,84.2,51,0,7.67
433,Salalah,OM,2020-11-02 21:49:38,17.02,54.09,75.2,57,0,3.36
434,Margate,GB,2020-11-02 21:49:38,51.38,1.39,51.01,65,1,5.01
435,Nelspruit,ZA,2020-11-02 21:49:38,-25.47,30.97,66.2,77,35,5.82
436,Tamworth,GB,2020-11-02 21:49:38,52.63,-1.7,46.4,70,0,8.05
437,Ongandjera,NA,2020-11-02 21:49:38,-17.88,15.07,77.9,17,25,11.43
438,Hambantota,LK,2020-11-02 21:49:38,6.12,81.12,77.0,100,90,1.12
439,Lazo,RU,2020-11-02 21:49:39,43.38,133.9,27.14,85,16,3.09
440,Xai-Xai,MZ,2020-11-02 21:49:39,-25.05,33.64,69.8,78,18,6.67
441,Sangar,RU,2020-11-02 21:49:39,63.92,127.47,-10.52,90,1,1.25
442,Dongsheng,CN,2020-11-02 21:49:39,39.82,109.98,29.46,76,0,5.88
443,Oliveira Dos Brejinhos,BR,2020-11-02 21:49:39,-12.32,-42.9,71.38,90,99,3.31
444,Hofn,IS,2020-11-02 21:49:39,64.25,-15.21,41.04,65,100,14.34
445,Palana,RU,2020-11-02 21:49:40,59.12,159.97,31.77,91,82,5.21
446,Kabalo,CD,2020-11-02 21:49:40,-6.05,26.92,69.53,95,50,2.21
447,Leshukonskoye,RU,2020-11-02 21:49:40,64.9,45.76,29.48,92,1,11.3
448,Katangli,RU,2020-11-02 21:46:00,51.71,143.23,32.9,93,69,4.88
449,Iquitos,PE,2020-11-02 21:49:41,-3.75,-73.25,89.6,55,40,2.24
450,Catalao,BR,2020-11-02 21:49:41,-18.17,-47.95,69.1,71,66,3.06
451,Lukang,TW,2020-11-02 21:49:42,24.06,120.44,71.01,77,40,23.04
452,Sharlyk,RU,2020-11-02 21:49:43,52.92,54.75,37.85,81,81,6.73
453,Ugoofaaru,MV,2020-11-02 21:49:43,5.67,73.0,82.49,74,21,6.8
454,Telford,GB,2020-11-02 21:49:43,52.68,-2.45,44.6,75,20,10.29
455,Krasnyy Kholm,RU,2020-11-02 21:49:43,58.06,37.12,41.5,93,100,10.0
456,Narsaq,GL,2020-11-02 21:49:43,60.92,-46.05,24.8,45,97,11.41
457,Tshikapa,CD,2020-11-02 21:49:43,-6.42,20.8,71.22,93,84,0.22
458,Bushehr,IR,2020-11-02 21:49:43,28.97,50.84,68.0,72,0,5.01
459,Abu Dhabi,AE,2020-11-02 21:49:23,24.47,54.37,80.6,65,0,3.36
460,Visnes,NO,2020-11-02 21:49:44,59.36,5.22,50.0,81,100,25.28
461,Oakdale,US,2020-11-02 21:45:03,44.96,-92.96,57.2,55,1,10.29
462,Gao,ML,2020-11-02 21:49:44,16.64,1.64,78.28,17,0,9.6
463,Kamyshin,RU,2020-11-02 21:49:44,50.1,45.42,43.99,65,77,2.57
464,Dargaville,NZ,2020-11-02 21:49:44,-35.93,173.88,71.13,62,86,10.96
465,Ayan,RU,2020-11-02 21:49:44,56.45,138.17,15.48,95,100,25.81
466,Kribi,CM,2020-11-02 21:49:44,2.95,9.92,78.3,81,73,1.95
467,Vuktyl,RU,2020-11-02 21:49:44,63.86,57.31,25.81,97,88,8.99
468,Sendai,JP,2020-11-02 21:49:45,38.27,140.87,53.6,87,75,2.24
469,Tupelo,US,2020-11-02 21:46:12,34.26,-88.7,59.0,22,1,5.82
470,Puerto Del Rosario,ES,2020-11-02 21:45:54,28.5,-13.86,69.8,88,20,14.99
471,Adrar,MR,2020-11-02 21:49:45,20.5,-10.07,82.67,16,100,10.63
472,Marystown,CA,2020-11-02 21:45:16,47.17,-55.15,59.0,100,100,21.99
473,Sydney,AU,2020-11-02 21:46:12,-33.87,151.21,64.99,67,20,3.38
474,Gat,IL,2020-11-02 21:49:01,31.61,34.76,70.0,73,1,3.42
475,Hokitika,NZ,2020-11-02 21:49:45,-42.72,170.97,51.91,91,100,5.57
476,Wallaceburg,CA,2020-11-02 21:49:46,42.59,-82.39,48.2,31,1,9.17
477,San Ramon,US,2020-11-02 21:48:05,37.78,-121.98,84.0,15,1,9.17
478,Torquay,GB,2020-11-02 21:47:48,50.46,-3.51,46.99,88,0,12.66
479,Klaksvik,FO,2020-11-02 21:49:46,62.23,-6.59,42.8,81,0,20.8
480,Mae Tha,TH,2020-11-02 21:49:46,18.46,99.14,75.99,94,20,2.24
481,Lesnoye,RU,2020-11-02 21:49:46,58.28,35.52,42.51,92,96,7.99
482,Rongcheng,CN,2020-11-02 21:49:46,30.63,117.85,50.13,63,0,4.47
483,Husavik,IS,2020-11-02 21:48:53,66.04,-17.34,42.8,48,75,6.93
484,Richards Bay,ZA,2020-11-02 21:49:47,-28.78,32.04,67.57,92,38,6.55
485,Martapura,ID,2020-11-02 21:49:47,-3.42,114.85,73.17,95,100,1.68
486,Pontes E Lacerda,BR,2020-11-02 21:49:47,-15.23,-59.34,83.08,44,50,2.24
487,Kavaratti,IN,2020-11-02 21:49:47,10.57,72.64,81.93,68,0,3.47
488,Srivardhan,IN,2020-11-02 21:49:47,18.03,73.02,77.92,72,0,5.7
489,Pangody,RU,2020-11-02 21:49:47,65.85,74.49,15.57,95,34,10.38
490,Seoul,KR,2020-11-02 21:49:27,37.57,126.98,41.0,48,1,12.88
491,San Luis,AR,2020-11-02 21:49:47,-33.3,-66.34,83.1,18,0,8.01
492,Nome,US,2020-11-02 21:49:48,64.5,-165.41,19.0,78,75,4.7
493,Nanchong,CN,2020-11-02 21:49:48,30.8,106.08,57.02,90,100,3.02
494,Jaisalmer,IN,2020-11-02 21:49:48,26.91,70.92,72.25,19,0,7.16
495,Tacoronte,ES,2020-11-02 21:49:48,28.48,-16.41,70.0,93,20,11.41
496,Kiruna,SE,2020-11-02 21:49:48,67.86,20.23,35.6,100,100,14.99
497,Miandrivazo,MG,2020-11-02 21:49:48,-19.52,45.47,78.6,63,1,3.11
498,Skjervoy,NO,2020-11-02 21:49:48,70.03,20.97,44.6,65,40,24.16
499,Itarema,BR,2020-11-02 21:49:49,-2.92,-39.92,80.65,77,0,13.09
500,Beloha,MG,2020-11-02 21:49:49,-25.17,45.05,68.32,82,0,11.63
501,Huilong,CN,2020-11-02 21:49:49,31.81,121.66,59.0,83,0,18.34
502,San Angelo,US,2020-11-02 21:49:27,31.46,-100.44,73.99,23,1,6.44
503,Khasan,RU,2020-11-02 21:49:50,42.43,130.64,35.13,73,0,16.8
504,Raton,US,2020-11-02 21:47:34,36.9,-104.44,73.4,6,1,5.82
505,Antsirabe,MG,2020-11-02 21:49:50,-19.85,47.03,58.87,64,2,0.6
506,Kota Kinabalu,MY,2020-11-02 21:49:50,5.97,116.07,77.0,94,40,3.36
507,Tazovskiy,RU,2020-11-02 21:49:50,67.47,78.7,17.91,98,95,10.69
508,Nampa,US,2020-11-02 21:49:50,43.54,-116.56,66.0,30,1,4.7
509,Nyandoma,RU,2020-11-02 21:49:50,61.67,40.2,34.97,95,97,11.01
510,Dzaoudzi,YT,2020-11-02 21:49:51,-12.79,45.27,77.0,78,0,9.17
511,Palpa,PE,2020-11-02 21:49:51,-14.53,-75.19,76.32,46,24,8.63
512,Yinchuan,CN,2020-11-02 21:47:02,38.47,106.27,39.96,56,77,4.92
513,Elk City,US,2020-11-02 21:49:51,35.41,-99.4,71.6,30,1,14.99
514,Kendal,GB,2020-11-02 21:44:57,54.33,-2.75,46.0,86,99,7.0
515,Galesong,ID,2020-11-02 21:49:51,-5.32,119.37,78.73,69,88,5.17
516,Khor,RU,2020-11-02 21:49:51,47.89,134.95,26.98,90,58,12.71
517,Guapimirim,BR,2020-11-02 21:49:52,-22.54,-42.98,69.8,52,20,8.05
518,Bajil,YE,2020-11-02 21:49:52,15.06,43.29,80.15,57,0,4.03
519,Lar,IN,2020-11-02 21:49:52,26.2,83.97,68.31,35,0,6.64
520,Wuwei,CN,2020-11-02 21:49:52,37.93,102.64,36.99,67,66,1.74
521,San Ramon De La Nueva Oran,AR,2020-11-02 21:49:52,-23.13,-64.33,87.01,25,5,3.33
522,San Patricio,US,2020-11-02 21:48:48,28.02,-97.52,77.0,47,20,11.41
523,Abu Samrah,SY,2020-11-02 21:46:27,35.3,37.18,60.06,66,1,2.42
524,Glace Bay,CA,2020-11-02 21:49:52,46.2,-59.96,48.2,76,40,29.97
525,Vila Franca Do Campo,PT,2020-11-02 21:49:53,37.72,-25.43,62.6,63,75,9.17
526,Kargasok,RU,2020-11-02 21:49:53,59.06,80.86,28.96,99,100,4.88
527,Puerto Escondido,MX,2020-11-02 21:46:32,15.85,-97.07,86.0,62,75,6.93
528,Cockburn Town,TC,2020-11-02 21:45:22,21.46,-71.14,84.2,62,20,11.41
529,Rhyl,GB,2020-11-02 21:49:53,53.32,-3.49,46.99,81,75,11.01
530,Walvis Bay,NA,2020-11-02 21:49:53,-22.96,14.51,60.01,77,98,5.82
531,Kuna,US,2020-11-02 21:45:42,43.49,-116.42,64.99,30,1,4.7
532,Champasak,LA,2020-11-02 21:49:54,14.75,106.0,68.79,92,70,1.21
533,Loukhi,RU,2020-11-02 21:49:54,66.08,33.04,39.72,87,100,18.34
534,Tabou,CI,2020-11-02 21:49:54,4.42,-7.35,78.4,85,13,2.68
535,Carbonia,IT,2020-11-02 21:49:54,39.17,8.52,57.99,87,5,4.7
536,Progreso,MX,2020-11-02 21:49:54,21.28,-89.67,82.0,69,75,8.05
537,Bati,ET,2020-11-02 21:49:54,11.18,40.02,61.27,54,0,5.28
538,Tessalit,ML,2020-11-02 21:49:54,20.2,1.01,73.98,20,100,11.01
539,Okakarara,NA,2020-11-02 21:49:54,-20.58,17.43,76.48,18,12,6.06
540,Oktyabrskoye,RU,2020-11-02 21:49:55,43.06,44.74,42.8,93,52,4.47
541,Santiago,CL,2020-11-02 21:46:48,-33.46,-70.65,79.0,24,0,9.17
542,Ulaanbaatar,MN,2020-11-02 21:49:53,47.91,106.88,3.2,84,0,2.24
543,Qidong,CN,2020-11-02 21:49:49,31.81,121.66,59.0,83,0,18.34
544,Fairbanks,US,2020-11-02 21:45:03,64.84,-147.72,-5.8,83,75,2.1
545,Znamenka,RU,2020-11-02 21:49:55,52.42,41.43,42.12,82,61,8.86
